,fig_name,household_weight,neighbor_weight,food_weight,transmission_rate,recovery_rate,progression_rate,hosp_rate,crit_rate,death_rate,init_symp_cases,init_asymp_cases,t_steps,q_time,q_red,h_time
0,BaseSympModel0_0,0.98,0.017,0.40700000000000003,1.28,0.055999999999999994,0.196,0.08800000000000001,0.732,0.75,1,1,20,,,
1,MultFQ4_Model0,0.98,0.017,0.407,1.28,0.056,0.196,0.08800000000000001,0.732,0.75,1,1,20,,,
2,MultFQ8_Model0,0.98,0.017,0.40700000000000003,1.28,0.055999999999999994,0.196,0.08800000000000001,0.732,0.75,1,1,20,,,
3,InterventionsMultFQ8_Model0,0.98,0.017,0.407,1.28,0.056,0.196,0.08800000000000001,0.732,0.75,1,1,20,0-150,0.3,0-200
4,InterventionsMultFQ8_Model0,0.98,0.017,0.40700000000000003,1.28,0.055999999999999994,0.196,0.08800000000000001,0.732,0.75,1,1,20,0-150,0.3,0-200
5,InterventionsMultFQ8_Model0,0.98,0.017,0.407,1.28,0.056,0.196,0.088,0.732,0.75,1,1,20,0-150,0.3,0-200
